Qualifier;C_region;CDS;centromere;D-loop;D_segment;exon;gene;iDNA;intron;J_segment;mat_peptide;misc_binding;misc_difference;misc_feature;misc_recomb;misc_RNA;misc_structure;mobile_element;modified_base;mRNA;ncRNA;N_region;operon;oriT;polyA_site;precursor_RNA;prim_transcript;primer_bind;propeptide;protein_bind;regulatory;repeat_region;rep_origin;rRNA;S_region;sig_peptide;source;stem_loop;STS;telomere;tmRNA;transit_peptide;tRNA;unsure;V_region;V_segment;variation;3'UTR;5'UTR
allele;O;O;;O;O;O;O;O;O;O;O;O;O;O;O;O;O;O;O;O;O;O;O;O;O;O;O;O;O;O;O;O;O;O;O;O;;O;O;;O;O;O;O;O;O;O;O;O
anticodon;;;;;;;;;;;;;;;;;;;;;;;;;;;;;;;;;;;;;;;;;;;O;;;;;;
bound_moiety;;;;;;;;;;;;M;;;;;;;;;;;;O;;;;;;M;O;;;;;;;;;;;;;;;;;;
cell_line;;;;;;;;;;;;;;;;;;;;;;;;;;;;;;;;;;;;;O;;;;;;;;;;;;
cell_type;;;;;;;;;;;;;;;;;;;;;;;;;;;;;;;;;;;;;O;;;;;;;;;;;;
chromosome;;;;;;;;;;;;;;;;;;;;;;;;;;;;;;;;;;;;;O;;;;;;;;;;;;
clone;;;;;;;;;;;;;O;;;;;;;;;;;;;;;;;;;;;;;;O;;;;;;;;;;;;
clone_lib;;;;;;;;;;;;;;;;;;;;;;;;;;;;;;;;;;;;;O;;;;;;;;;;;;
codon_start;;O;;;;;;;;;;;;;;;;;;;;;;;;;;;;;;;;;;;;;;;;;;;;;;;
collected_by;;;;;;;;;;;;;;;;;;;;;;;;;;;;;;;;;;;;;O;;;;;;;;;;;;
collection_date;;;;;;;;;;;;;;;;;;;;;;;;;;;;;;;;;;;;;O;;;;;;;;;;;;
compare;;;;;;;;;;;;;O;;;;;;;;;;;;;;;;;;;;;;;;;;;;;;;O;;;O;;
cultivar;;;;;;;;;;;;;;;;;;;;;;;;;;;;;;;;;;;;;O;;;;;;;;;;;;
dev_stage;;;;;;;;;;;;;;;;;;;;;;;;;;;;;;;;;;;;;O;;;;;;;;;;;;
direction;;;;;;;;;;;;;;;;;;;;;;;;O;;;;;;;;;O;;;;;;;;;;;;;;;;
EC_number;;O;;;;O;;;;;O;;;;;;;;;;;;;;;;;;;;;;;;;;;;;;;;;;;;;;
ecotype;;;;;;;;;;;;;;;;;;;;;;;;;;;;;;;;;;;;;O;;;;;;;;;;;;
environmental_sample;;;;;;;;;;;;;;;;;;;;;;;;;;;;;;;;;;;;;O;;;;;;;;;;;;
exception;;O;;;;;;;;;;;;;;;;;;;;;;;;;;;;;;;;;;;;;;;;;;;;;;;
frequency;;;;;;;;;;;;;;;;;;;O;;;;;;;;;;;;;;;;;;;;;;;;;;;;O;;
function;;O;;;;O;O;O;O;;O;O;;O;;O;O;O;;O;O;;O;;;O;O;;O;O;O;O;O;O;;O;;O;;;O;O;O;;;;;O;O
gene;O;O;;O;O;O;O;O;O;O;O;O;O;O;O;O;O;O;O;O;O;O;;O;O;O;O;O;O;O;O;O;O;O;O;O;;O;O;;O;O;O;O;O;O;O;O;O
gene_synonym;O;O;;O;O;O;O;O;O;O;O;O;O;O;O;O;O;O;O;O;O;O;;O;O;O;O;O;O;O;O;O;O;O;O;O;;O;O;;O;O;O;O;O;O;O;O;O
germline;;;;;;;;;;;;;;;;;;;;;;;;;;;;;;;;;;;;;O;;;;;;;;;;;;
haplogroup;;;;;;;;;;;;;;;;;;;;;;;;;;;;;;;;;;;;;O;;;;;;;;;;;;
haplotype;;;;;;;;;;;;;;;;;;;;;;;;;;;;;;;;;;;;;O;;;;;;;;;;;;
host;;;;;;;;;;;;;;;;;;;;;;;;;;;;;;;;;;;;;O;;;;;;;;;;;;
identified_by;;;;;;;;;;;;;;;;;;;;;;;;;;;;;;;;;;;;;O;;;;;;;;;;;;
isolate;;;;;;;;;;;;;;;;;;;;;;;;;;;;;;;;;;;;;O;;;;;;;;;;;;
isolation_source;;;;;;;;;;;;;;;;;;;;;;;;;;;;;;;;;;;;;O;;;;;;;;;;;;
lab_host;;;;;;;;;;;;;;;;;;;;;;;;;;;;;;;;;;;;;O;;;;;;;;;;;;
lat_lon;;;;;;;;;;;;;;;;;;;;;;;;;;;;;;;;;;;;;O;;;;;;;;;;;;
macronuclear;;;;;;;;;;;;;;;;;;;;;;;;;;;;;;;;;;;;;O;;;;;;;;;;;;
map;O;O;;O;O;O;O;O;O;O;O;O;O;O;O;O;O;O;O;O;O;O;O;O;O;O;O;O;O;O;O;O;O;O;O;O;O;O;O;;O;O;O;O;O;O;O;O;O
mating_type;;;;;;;;;;;;;;;;;;;;;;;;;;;;;;;;;;;;;O;;;;;;;;;;;;
mobile_element_type;;;;;;;;;;;;;;;;;;M;;;;;;;;;;;;;;;;;;;;;;;;;;;;;;;
mod_base;;;;;;;;;;;;;;;;;;;M;;;;;;;;;;;;;;;;;;;;;;;;;;;;;;
mol_type;;;;;;;;;;;;;;;;;;;;;;;;;;;;;;;;;;;;;M;;;;;;;;;;;;
ncRNA_class;;;;;;;;;;;;;;;;;;;;;M;;;;;;;;;;;;;;;;;;;;;;;;;;;;
note;O;O;O;O;O;O;O;O;O;O;O;O;O;O;O;O;O;O;O;O;O;O;O;O;O;O;O;O;O;O;O;O;O;O;O;O;O;O;O;O;O;O;O;O;O;O;O;O;O
number;;O;;;;O;;O;O;;;;;O;;;;;;;;;;;;;;;;;;;;;;;;;;;;;;;;;;;
operon;;O;;;;;O;;;;;;;;;O;;;;O;O;;M;;;O;O;;;O;O;;;O;;;;O;;;;;;;;;;;
organelle;;;;;;;;;;;;;;;;;;;;;;;;;;;;;;;;;;;;;O;;;;;;;;;;;;
organism;;;;;;;;;;;;;;;;;;;;;;;;;;;;;;;;;;;;;M;;;;;;;;;;;;
PCR_primers;;;;;;;;;;;;;;;;;;;;;;;;;;;;;;;;;;;;;O;;;;;;;;;;;;
phenotype;;;;;;;O;;;;;;O;O;;;;;;;;;O;;;;;;;;O;;;;;;;;;;;;;;;;O;;
plasmid;;;;;;;;;;;;;;;;;;;;;;;;;;;;;;;;;;;;;O;;;;;;;;;;;;
pop_variant;;;;;;;;;;;;;;;;;;;;;;;;;;;;;;;;;;;;;O;;;;;;;;;;;;
product;O;O;;;O;O;O;;;O;O;;;O;;O;;;;O;O;O;;;;O;;;O;;;;;O;O;O;;;;;O;O;O;;O;O;O;;
protein_id;;O;;;;;;;;;;;;;;;;;;;;;;;;;;;;;;;;;;;;;;;;;;;;;;;
proviral;;;;;;;;;;;;;;;;;;;;;;;;;;;;;;;;;;;;;O;;;;;;;;;;;;
pseudo;O;O;;;O;O;O;;O;O;O;;;O;;O;;;;O;O;O;O;;;;;;O;;O;;;O;O;O;;;;;O;O;O;;O;O;;;
pseudogene;O;O;;;O;O;O;;O;O;O;;;O;;O;;;;O;O;O;O;;;;;;O;;O;;;O;O;O;;;;;O;O;O;;O;O;;;
rearranged;;;;;;;;;;;;;;;;;;;;;;;;;;;;;;;;;;;;;O;;;;;;;;;;;;
recombination_class;;;;;;;;;;;;;;;O;;;;;;;;;;;;;;;;;;;;;;;;;;;;;;;;;;
regulatory_class;;;;;;;;;;;;;;;;;;;;;;;;;;;;;;;M;;;;;;;;;;;;;;;;;;
replace;;;;;;;;;;;;;O;;;;;;;;;;;;;;;;;;;;;;;;;;;;;;;O;;;O;;
ribosomal_slippage;;O;;;;;;;;;;;;;;;;;;;;;;;;;;;;;;;;;;;;;;;;;;;;;;;
rpt_family;;;;;;;;;;;;;;;;;;O;;;;;;O;;;;;;;;O;;;;;;;;;;;;;;;;;
rpt_type;;;;;;;;;;;;;;;;;;O;;;;;;O;;;;;;;;O;;;;;;;;O;;;;;;;;;
rpt_unit_range;;;;;;;;;;;;;;;;;;;;;;;;O;;;;;;;;O;;;;;;;;O;;;;;;;;;
rpt_unit_seq;;;;;;;;;;;;;;;;;;;;;;;;O;;;;;;;;O;;;;;;;;O;;;;;;;;;
satellite;;;;;;;;;;;;;;;;;;;;;;;;;;;;;;;;O;;;;;;;;;;;;;;;;;
segment;;;;;;;;;;;;;;;;;;;;;;;;;;;;;;;;;;;;;O;;;;;;;;;;;;
serotype;;;;;;;;;;;;;;;;;;;;;;;;;;;;;;;;;;;;;O;;;;;;;;;;;;
serovar;;;;;;;;;;;;;;;;;;;;;;;;;;;;;;;;;;;;;O;;;;;;;;;;;;
sex;;;;;;;;;;;;;;;;;;;;;;;;;;;;;;;;;;;;;O;;;;;;;;;;;;
standard_name;O;O;O;;O;O;O;O;O;O;O;;O;O;O;O;O;O;;O;O;O;O;O;;O;O;O;O;O;O;O;O;O;O;O;;O;O;O;O;O;O;;O;O;O;O;O
strain;;;;;;;;;;;;;;;;;;;;;;;;;;;;;;;;;;;;;O;;;;;;;;;;;;
sub_clone;;;;;;;;;;;;;;;;;;;;;;;;;;;;;;;;;;;;;O;;;;;;;;;;;;
sub_species;;;;;;;;;;;;;;;;;;;;;;;;;;;;;;;;;;;;;O;;;;;;;;;;;;
sub_strain;;;;;;;;;;;;;;;;;;;;;;;;;;;;;;;;;;;;;O;;;;;;;;;;;;
tag_peptide;;;;;;;;;;;;;;;;;;;;;;;;;;;;;;;;;;;;;;;;;O;;;;;;;;
tissue_lib;;;;;;;;;;;;;;;;;;;;;;;;;;;;;;;;;;;;;O;;;;;;;;;;;;
tissue_type;;;;;;;;;;;;;;;;;;;;;;;;;;;;;;;;;;;;;O;;;;;;;;;;;;
translation;;O;;;;;;;;;;;;;;;;;;;;;;;;;;;;;;;;;;;;;;;;;;;;;;;
transl_except;;O;;;;;;;;;;;;;;;;;;;;;;;;;;;;;;;;;;;;;;;;;;;;;;;
transl_table;;O;;;;;;;;;;;;;;;;;;;;;;;;;;;;;;;;;;;;;;;;;;;;;;;
trans_splicing;;O;;;;O;O;;O;;;;;;;O;;;;O;O;;;;;O;;;;;;;;;;;;;;;;;O;;;;;O;O
variety;;;;;;;;;;;;;;;;;;;;;;;;;;;;;;;;;;;;;O;;;;;;;;;;;;